{"loss": [54.52497863769531, 54.425086975097656, 55.71767044067383, 54.69895553588867, 56.00496292114258, 54.323089599609375, 54.26757049560547, 54.88505554199219, 55.338504791259766, 55.69124221801758], "mae": [5.844052314758301, 5.845310688018799, 5.911521911621094, 5.8501152992248535, 5.914239406585693, 5.853458404541016, 5.8227009773254395, 5.866350173950195, 5.883443832397461, 5.922501564025879]}