{"loss": [10.907395362854004, 11.743904113769531, 11.365041732788086, 11.343744277954102, 11.431546211242676, 11.30571460723877, 11.516390800476074, 11.003775596618652, 10.780731201171875, 11.093633651733398], "mae": [2.601909637451172, 2.6972622871398926, 2.668957233428955, 2.632802963256836, 2.662407875061035, 2.6427855491638184, 2.677443265914917, 2.6159005165100098, 2.5854616165161133, 2.6280767917633057]}