{"loss": [10.883434295654297, 10.33544921875, 10.35857105255127, 10.720487594604492, 10.234745025634766, 10.277301788330078, 10.57468318939209, 10.586894035339355, 10.621840476989746, 10.190362930297852], "mae": [2.631403684616089, 2.554084539413452, 2.550358772277832, 2.590538263320923, 2.5401368141174316, 2.5486245155334473, 2.5921826362609863, 2.592740535736084, 2.590272903442383, 2.5257489681243896]}