{"loss": [8.57745361328125, 8.369710922241211, 8.932835578918457, 8.642823219299316, 8.609857559204102, 9.03734016418457, 9.209296226501465, 8.684030532836914, 8.589914321899414, 9.170056343078613], "mae": [2.293731212615967, 2.268239974975586, 2.3430898189544678, 2.305327892303467, 2.292926788330078, 2.3641114234924316, 2.3725714683532715, 2.3097593784332275, 2.296534538269043, 2.38124942779541]}