{"loss": [9.184106826782227, 8.82630729675293, 8.666748046875, 9.368309020996094, 8.608697891235352, 8.741689682006836, 8.741487503051758, 8.98193645477295, 9.609108924865723, 8.771307945251465], "mae": [2.3690340518951416, 2.3242015838623047, 2.3042378425598145, 2.387737274169922, 2.298923969268799, 2.310105085372925, 2.316768169403076, 2.3506369590759277, 2.443988800048828, 2.321160078048706]}