{"loss": [8.8258056640625, 8.944527626037598, 9.211116790771484, 8.203453063964844, 8.890317916870117, 8.701727867126465, 8.58420467376709, 8.326105117797852, 8.553071975708008, 8.26067066192627], "mae": [2.3215906620025635, 2.330714464187622, 2.358816623687744, 2.244736909866333, 2.3375442028045654, 2.3026912212371826, 2.295768976211548, 2.2505311965942383, 2.2873175144195557, 2.243060827255249]}