{"loss": [7.680964469909668, 7.789220809936523, 8.280233383178711, 8.108620643615723, 7.9372334480285645, 7.585285186767578, 8.09165096282959, 8.115739822387695, 7.955048084259033, 8.040226936340332], "mae": [2.200551748275757, 2.2129578590393066, 2.2909154891967773, 2.262317419052124, 2.2303202152252197, 2.1783816814422607, 2.2548344135284424, 2.261326789855957, 2.2422966957092285, 2.261418581008911]}