{"loss": [52.365962982177734, 52.15034866333008, 54.26865768432617, 53.15970230102539, 52.82759475708008, 52.043357849121094, 52.539703369140625, 52.9491081237793, 52.782012939453125, 52.04798889160156], "mae": [5.735691547393799, 5.716759204864502, 5.843510627746582, 5.780238151550293, 5.7708234786987305, 5.720272064208984, 5.73374080657959, 5.762707710266113, 5.741589069366455, 5.715681076049805]}