{"loss": [10.865857124328613, 11.182233810424805, 10.889592170715332, 11.417403221130371, 11.25598430633545, 11.69512939453125, 10.659124374389648, 10.962529182434082, 11.731520652770996, 11.606878280639648], "mae": [2.595654249191284, 2.6262402534484863, 2.590649127960205, 2.6590428352355957, 2.6404199600219727, 2.7027735710144043, 2.5609943866729736, 2.5998661518096924, 2.6901001930236816, 2.687739372253418]}