animal_id,day,predicted_weight_kg,real_weight_kg,residual,anomaly,abs_residual
AC_F_10,575,302.08768,289.7384726275013,-12.3492043744518,True,12.349207372498654
AC_F_70,755,346.14026,358.47829595283775,12.338037163775256,True,12.338035952837743
AC_F_70,485,273.9922,283.9099014585479,9.917713958547893,True,9.917701458547867
AC_F_86,695,332.7972,342.6555163644651,9.858305671105713,True,9.85831636446511
AC_F_73,695,332.7972,323.16439940535304,-9.632811288006335,True,9.632800594646937
