{"loss": [10.767574310302734, 10.876654624938965, 10.74538516998291, 11.37974739074707, 11.032986640930176, 11.41199016571045, 11.30462646484375, 10.853889465332031, 11.247355461120605, 11.386571884155273], "mae": [2.5810351371765137, 2.579022169113159, 2.576558828353882, 2.6508238315582275, 2.612685441970825, 2.6596174240112305, 2.6406657695770264, 2.582454204559326, 2.6466002464294434, 2.6726181507110596]}